industry_code,total_estabs,avg_emplvl
10,1702685,29604972
102,729030,11669138
1025,113670,3200548
1021,166309,2838976
101,113856,2117864
1024,186089,2116708
62,101231,1865510
1026,75934,1494934
44-45,85353,1392779
61,12439,1335038
611,12439,1335038
72,64949,1316358
722,57624,1187245
7225,51238,1089727
72251,51238,1089727
54,132053,1041608
541,132053,1041608
1013,30012,970548
31-33,30012,970548
6111,2578,929565
61111,2578,929565
611110,2578,929565
1023,91678,900706
56,49259,892079
1012,64606,870753
23,64606,870753
621,66029,862218
561,46245,841310
48-49,28925,696682
42,48750,651099
52,48659,644529
622,1326,516440
722513,22205,505369
722511,21191,497155
92,8778,493536
1028,8778,493536
238,39257,466705
423,26991,400688
1027,61832,374398
81,61832,374398
6221,904,363293
62211,904,363293
622110,904,363293
5613,9450,306539
455,7295,302884
522,17086,285474
445,10907,284740
5415,35439,281887
54151,35439,281887
624,29193,278877
6211,25512,277033
62111,25512,277033
1011,19238,276553
621111,24349,270874
524,18087,265308
6216,5749,262472
62161,5749,262472
621610,5749,262472
6113,823,261339
61131,823,261339
611310,823,261339
53,43019,256176
56132,6387,255336
561320,6387,255336
4451,7173,253910
44511,3342,236627
445110,3342,236627
2382,18136,235163
1022,15736,233808
51,15736,233808
922,2478,227288
9221,2478,227288
21,8967,218772
237,6652,213109
623,4683,207972
424,11818,205057
441,10615,202231
4552,6166,199821
45521,6166,199821
5416,31900,196737
236,18697,190938
5221,8316,189858
5413,13730,189139
55,4777,183020
551,4777,183020
5511,4777,183020
55111,4777,183020
5617,15262,181019
71,10985,178575
531,36570,177601
551114,3594,172761
493,2026,171018
4931,2026,171018
54161,26642,168650
6241,21826,161618
811,19573,156232
49311,1542,155865
493110,1542,155865
52211,6590,154053
522110,6590,154053
484,14702,152855
455211,605,148613
5242,15569,137169
332,5247,136376
213,5918,136372
2131,5918,136372
21311,5918,136372
541512,18078,135634
541511,16316,132203
812,18705,131324
54133,7827,130266
541330,7827,130266
721,7325,129004
5241,2518,128137
4411,4203,126896
921,2457,123181
9211,2457,123181
7211,6422,122438
459,13773,121450
72111,6190,120456
721110,6190,120456
2362,5435,118725
444,5615,116477
23822,9724,113998
713,6887,113731
5412,15673,112906
54121,15673,112906
488,6085,112442
213112,5221,112249
336,1298,110704
311,2958,110683
2371,3364,110341
92212,840,110062
922120,840,110062
52421,14042,108126
524210,14042,108126
458,9951,106661
44111,1652,106640
441110,1652,106640
62412,18532,105052
624120,18532,105052
23821,7381,104965
5611,10557,104956
56111,10557,104956
561110,10557,104956
4841,10447,103870
334,2039,103156
4551,1129,103063
45511,1129,103063
455110,1129,103063
8111,14394,102835
4238,7433,102728
6231,1745,100690
62311,1745,100690
623110,1745,100690
5411,17001,100602
5616,3275,100160
4441,4110,100137
7139,6207,99584
22,3281,98414
221,3281,98414
457,11050,97835
6213,13944,96219
333,2857,95448
4571,10707,94723
56172,5727,93104
561720,5727,93104
5614,4061,92622
2381,8592,92291
54111,15472,89872
541110,15472,89872
523,12851,89139
541611,14996,88740
325,2230,88596
4234,4831,88408
6212,12463,87369
62121,12463,87369
621210,12463,87369
6244,6112,87144
62441,6112,87144
624410,6112,87144
456,9260,85525
4561,9260,85525
48412,7847,83420
45711,9713,81830
457110,9713,81830
492,1606,80955
56161,1948,80453
517,2868,78935
4581,7237,78277
45811,7237,78277
458110,7237,78277
5311,13261,77468
722515,7389,76359
2389,6247,76124
238212,3412,75868
5313,11009,75075
449,6887,74960
2373,1597,74937
23731,1597,74937
237310,1597,74937
561612,1465,74930
481,609,74782
5419,7285,73775
5171,2579,73429
6214,4045,72433
23622,4744,72318
236220,4744,72318
2361,13262,72212
23611,13262,72212
4244,3234,72204
532,6096,72111
4921,998,70550
49211,998,70550
492110,998,70550
4811,190,69210
48111,190,69210
481111,135,68396
51711,2130,68374
813,6853,67536
5222,6291,67437
211,2502,67395
2111,2502,67395
52411,852,66558
53131,8452,66128
2383,6282,62940
7223,3389,62805
484121,7105,61325
6112,172,60791
61121,172,60791
611210,172,60791
62149,3057,60564
52412,1623,60492
4413,5270,60405
238222,2889,60043
56173,5796,59653
561730,5796,59653
44411,695,59287
444110,695,59287
513,5500,59040
517111,1440,58522
92114,1219,58121
921140,1219,58121
11,10271,57781
8121,10655,57148
42383,4036,56515
423830,4036,56515
2211,1366,55518
56142,1197,55456
923,916,53975
9231,916,53975
238221,6835,53955
3364,327,52714
33641,327,52714
45611,4960,51858
456110,4960,51858
6233,1406,51683
62331,1406,51683
561422,974,51629
4236,3018,51315
455219,5561,51208
3323,1693,51170
562,3014,50767
5239,9177,50309
531311,6399,49999
3344,628,49885
33441,628,49885
524126,711,49737
21112,1739,49451
211120,1739,49451
72231,1491,49304
722310,1491,49304
4842,4255,48985
52229,5780,48780
518,3293,47722
5182,3293,47722
51821,3293,47722
518210,3293,47722
92214,293,47316
922140,293,47316
541211,4559,47301
71394,3675,47250
713940,3675,47250
23712,754,46688
237120,754,46688
23621,691,46407
236210,691,46407
425,9941,45354
4251,9941,45354
42512,9941,45354
425120,9941,45354
524114,421,45088
491,1713,44911
4911,1713,44911
49111,1713,44911
491110,1713,44911
326,959,44548
3116,377,43938
31161,377,43938
327,1536,41856
53111,6642,41819
531110,6642,41819
62134,3205,41708
621340,3205,41708
4591,3027,41462
44133,3317,41009
441330,3317,41009
5417,2951,40991
3261,822,40848
81111,7531,40310
6116,4991,40259
52394,6999,40168
523940,6999,40168
5132,3674,40024
51321,3674,40024
513210,3674,40024
4492,3403,39743
44921,3403,39743
449210,3403,39743
42343,1065,39533
423430,1065,39533
54194,3009,39348
541940,3009,39348
6232,1238,39018
5231,3631,38515
23899,3494,38420
56131,2679,38027
8129,4544,37985
81211,7647,37817
236115,6912,37712
23891,2753,37703
336411,126,37507
339,2561,37406
3331,979,37340
3251,577,36957
22112,757,36629
4881,1012,36518
4599,5918,36441
6219,1562,35875
4885,3101,35657
48851,3101,35657
488510,3101,35657
811111,6709,35509
54171,2661,35425
4491,3484,35217
928,155,35186
9281,155,35186
8113,2553,34975
81131,2553,34975
811310,2553,34975
52315,3167,34905
523150,3167,34905
7224,2997,34713
72241,2997,34713
722410,2997,34713
334413,297,34678
81119,3474,34509
5418,4886,34331
561311,1996,34302
4231,1977,34143
2213,1569,34000
4237,2220,33224
23711,1360,32999
237110,1360,32999
5324,2521,32893
541613,6097,32099
485,957,31963
92811,108,31709
928110,108,31709
92113,668,31494
921130,668,31494
4233,2256,31431
33313,786,31393
23811,1983,31357
712,703,31161
7121,703,31161
711,3395,30782
23713,1250,30653
237130,1250,30653
541219,6514,30301
333132,742,30190
3329,838,30116
42345,2220,29766
423450,2220,29766
92119,414,29139
921190,414,29139
33231,952,29072
52429,1527,29043
238912,1567,29012
238211,3969,29001
62411,1189,28751
624110,1189,28751
92216,294,28568
922160,294,28568
4239,3030,28563
926,1491,28518
9261,1491,28518
5312,12300,28280
53121,12300,28280
531210,12300,28280
6215,2754,28213
62151,2754,28213
5223,2479,28178
52213,1567,28088
522130,1567,28088
81112,3389,28016
112,4772,27874
62419,2105,27711
624190,2105,27711
22131,1323,27377
221310,1323,27377
221122,674,27249
812112,5162,27000
321,888,26921
71391,593,26897
713910,593,26897
3273,934,26893
62321,844,26817
623210,844,26817
623312,871,25935
623311,535,25748
44418,1744,25543
444180,1744,25543
53112,3286,25321
531120,3286,25321
8139,3293,25112
238992,1337,25005
45911,1523,24777
459110,1523,24777
811121,2786,24534
337,1108,24379
8123,2283,24234
541715,1510,24122
312,1092,24087
42369,1236,24059
423690,1236,24059
3121,1058,23972
4248,555,23910
3363,431,23836
42361,1431,23827
423610,1431,23827
323,2135,23674
3231,2135,23674
213111,635,23674
335,826,23575
4242,1193,23569
42421,1193,23569
424210,1193,23569
32311,2078,23261
3345,841,23197
33451,841,23197
486,865,22710
3118,1182,22548
6223,253,22450
62231,253,22450
622310,253,22450
23831,1315,22343
4249,2264,22300
33232,741,22097
484122,742,22095
42441,489,22052
424410,489,22052
5321,1406,21975
4246,1693,21969
811192,1792,21810
3327,1603,21702
5619,1906,21611
541214,1029,21549
524113,431,21469
331,484,21398
53241,1464,21391
541618,2808,21325
324,306,21300
3241,306,21300
1121,3913,21273
238112,750,21256
4247,989,21178
6117,1341,21169
61171,1341,21169
611710,1341,21169
512,2202,21121
45999,4615,21049
532412,1396,21003
54169,4370,20983
541690,4370,20983
54138,1077,20926
541380,1077,20926
3399,1636,20902
8134,1330,20673
81341,1330,20673
813410,1330,20673
236118,5673,20650
2379,737,20556
23799,737,20556
237990,737,20556
92312,535,20495
923120,535,20495
48411,2600,20449
484110,2600,20449
4235,1336,20384
33299,548,20326
44112,2551,20255
441120,2551,20255
5121,1857,20185
71219,295,20029
712190,295,20029
42351,1286,19875
423510,1286,19875
48422,1941,19823
484220,1941,19823
48819,739,19812
488190,739,19812
56162,1327,19706
48423,1508,19645
484230,1508,19645
322,334,19643
522292,1783,19593
44134,1953,19396
441340,1953,19396
621498,987,19381
81219,3008,19331
814,16701,19304
8141,16701,19304
81411,16701,19304
814110,16701,19304
621511,2003,19274
62199,899,19017
5131,1826,19016
621493,1082,18990
42469,1365,18950
424690,1365,18950
22111,609,18889
6222,169,18885
62221,169,18885
622210,169,18885
54199,2064,18642
541990,2064,18642
4594,1986,18494
812199,2765,18492
5622,677,18422
56221,677,18422
44911,2028,18356
449110,2028,18356
524292,471,18339
42449,1132,18318
424490,1132,18318
33271,1479,18230
332710,1479,18230
23816,2646,18091
3339,705,18078
111,3527,18054
54131,2132,17962
541310,2132,17962
21113,763,17943
211130,763,17943
561621,993,17919
45612,1636,17766
456120,1636,17766
5621,949,17657
56211,949,17657
71399,1603,17651
713990,1603,17651
4452,1647,17643
32511,104,17582
325110,104,17582
5615,1320,17528
3341,176,17473
33411,176,17473
541614,1766,17346
3219,675,17344
238312,532,17311
44513,3831,17282
81291,2181,17185
812910,2181,17185
3334,255,17142
33341,255,17142
32411,141,17073
324110,141,17073
44912,1456,16860
62191,663,16858
621910,663,16858
5612,414,16783
56121,414,16783
561210,414,16783
48811,273,16706
3391,925,16504
33911,925,16504
31181,909,16383
4595,1493,16379
45951,1493,16379
459510,1493,16379
4442,1505,16339
311615,43,16292
332312,450,16283
3361,66,16259
23829,1031,16199
531312,2053,16128
323111,1384,16079
522291,2333,16071
3222,287,16006
61162,1809,15983
611620,1809,15983
42472,700,15948
424720,700,15948
3371,736,15921
924,962,15879
9241,962,15879
516,1288,15864
4883,328,15846
33611,53,15845
336110,53,15845
4582,1194,15767
45821,1194,15767
458210,1194,15767
6239,294,15677
62399,294,15677
623990,294,15677
54181,2902,15586
541810,2902,15586
6243,458,15576
62431,458,15576
624310,458,15576
23832,1539,15505
61169,1925,15485
52222,464,15449
522220,464,15449
62132,2003,15383
621320,2003,15383
445131,3544,15346
92211,445,15313
922110,445,15313
99,9004,15296
999,9004,15296
9999,9004,15296
99999,9004,15296
999999,9004,15296
1029,9004,15296
334111,88,15071
212,547,15005
4412,1142,14930
238292,765,14914
311611,110,14882
3254,443,14819
32541,443,14819
42481,174,14749
424810,174,14749
3119,592,14695
5629,1388,14687
42311,563,14654
423110,563,14654
62139,2953,14633
42384,1386,14611
423840,1386,14611
6242,797,14536
51213,355,14484
32732,664,14442
327320,664,14442
4862,553,14394
48621,553,14394
486210,553,14394
512131,343,14383
333415,146,14217
44424,1265,14113
444240,1265,14113
11211,3673,14065
621492,898,13873
541213,3571,13753
42312,1053,13725
423120,1053,13725
6115,1143,13702
61151,1143,13702
2123,495,13634
56199,1161,13591
561990,1161,13591
56171,1531,13466
561710,1531,13466
4851,94,13460
48511,94,13460
238991,2157,13415
562111,702,13299
3252,216,13247
4453,2087,13187
44532,2087,13187
445320,2087,13187
56133,384,13176
561330,384,13176
32619,395,13159
522299,1664,13115
32521,196,13002
42381,473,12984
423810,473,12984
81293,405,12981
812930,405,12981
45991,812,12965
459910,812,12965
31211,296,12906
45712,994,12893
457120,994,12893
56149,972,12678
92313,188,12644
923130,188,12644
459999,2600,12624
4583,1520,12616
42373,756,12583
423730,756,12583
8112,1229,12575
81121,1229,12575
811210,1229,12575
62133,3050,12572
621330,3050,12572
42331,776,12445
423310,776,12445
325412,277,12442
44414,1135,12328
444140,1135,12328
621399,2610,12323
62322,394,12199
623220,394,12199
3324,301,12156
7131,405,12137
5322,1754,12136
92314,163,12065
923140,163,12065
23814,910,12058
562212,336,12027
326199,361,12013
56144,425,12007
561440,425,12007
45942,1479,11985
459420,1479,11985
8122,1223,11956
311612,198,11941
4884,1174,11928
62131,2733,11922
621310,2733,11922
332322,382,11762
325211,172,11737
45831,1459,11690
458310,1459,11690
238322,487,11640
621991,252,11615
81232,1367,11512
812320,1367,11512
3353,273,11454
33531,273,11454
45912,977,11445
459120,977,11445
92215,193,11312
922150,193,11312
3342,228,11292
52239,884,11204
522390,884,11204
52232,600,11196
522320,600,11196
53211,701,11165
112111,3522,11113
519,585,11104
5192,585,11104
33711,432,11066
337110,432,11066
56179,1785,11054
561790,1785,11054
53228,1588,11019
5414,3188,10992
238162,689,10888
722514,453,10842
42332,728,10819
423320,728,10819
53212,705,10810
532120,705,10810
48832,101,10754
488320,101,10754
54119,1529,10730
449129,664,10722
3328,476,10716
33281,476,10716
32611,111,10699
3362,237,10693
33621,237,10693
92213,285,10672
922130,285,10672
42393,762,10662
423930,762,10662
53249,968,10591
532490,968,10591
561499,635,10576
45619,1803,10535
4232,890,10490
611691,1107,10484
8133,1077,10451
81331,1077,10451
4922,608,10405
49221,608,10405
492210,608,10405
23812,503,10369
42372,745,10113
423720,745,10113
238111,1233,10101
541714,920,10057
44524,701,10041
445240,701,10041
21232,316,10023
72232,835,10009
722320,835,10009
811191,1169,9981
3332,310,9936
33324,310,9936
44122,886,9885
517112,690,9851
33291,290,9789
81233,190,9764
81221,991,9737
812210,991,9737
7112,440,9732
71121,440,9732
42448,548,9673
424480,548,9673
48421,806,9515
484210,806,9515
115,1484,9410
551112,1083,9344
3114,207,9339
312111,143,9262
532111,629,9189
54137,853,9184
541370,853,9184
42482,381,9161
424820,381,9161
32221,156,9128
92612,85,9107
926120,85,9107
541612,975,9083
54189,376,9053
541890,376,9053
332996,159,9048
23835,1390,9037
56159,339,8974
621512,751,8939
2212,346,8896
22121,346,8896
221210,346,8896
488119,248,8890
42382,636,8883
423820,636,8883
524127,817,8812
32519,182,8811
3359,340,8797
541519,607,8780
92311,30,8768
923110,30,8768
4241,599,8755
92412,835,8712
924120,835,8712
238911,1186,8691
42399,1067,8609
423990,1067,8609
3259,342,8484
459991,2015,8425
42371,588,8385
423710,588,8385
23815,712,8367
621491,90,8319
92615,356,8282
926150,356,8282
5161,371,8242
236117,342,8225
561599,295,8179
71311,141,8134
713110,141,8134
311812,286,8132
51921,356,8116
519210,356,8116
238122,334,8112
7113,669,8056
62422,343,8035
81391,1380,8016
813910,1380,8016
1114,437,7999
711211,199,7944
238142,317,7935
4882,253,7921
48821,253,7921
488210,253,7921
7111,565,7790
326111,45,7771
32199,243,7751
52218,159,7716
522180,159,7716
62142,702,7681
621420,702,7681
23839,688,7678
33399,376,7662
81299,1928,7661
812990,1928,7661
61161,1117,7654
611610,1117,7654
5162,917,7622
51621,917,7622
516210,917,7622
56291,580,7620
562910,580,7620
333248,208,7610
56151,836,7609
561510,836,7609
332313,259,7574
311811,604,7565
4243,896,7438
32599,303,7437
53113,2586,7419
531130,2586,7419
621999,647,7402
49319,242,7401
493190,242,7401
48841,918,7387
488410,918,7387
33999,539,7374
33995,702,7359
339950,702,7359
441227,646,7333
11212,240,7207
112120,240,7207
238161,1957,7202
3115,132,7198
6114,1391,7166
92411,127,7166
924110,127,7166
54162,888,7092
541620,888,7092
325199,150,7050
92614,857,7043
926140,857,7043
1151,930,7031
11511,930,7031
33639,131,6995
336390,131,6995
42344,514,6943
423440,514,6943
56143,992,6898
42342,515,6888
423420,515,6888
2372,954,6875
23721,954,6875
237210,954,6875
42445,258,6865
424450,258,6865
42499,862,6790
424990,862,6790
4861,236,6790
48611,236,6790
486110,236,6790
532289,1061,6749
336413,105,6727
541191,951,6718
23819,962,6692
611519,623,6668
32739,159,6660
327390,159,6660
11142,377,6659
323113,660,6633
221112,187,6624
238351,1151,6561
8132,770,6552
81321,770,6552
81392,450,6512
813920,450,6512
45941,507,6508
459410,507,6508
22132,237,6416
221320,237,6416
81399,804,6407
813990,804,6407
322211,108,6402
332321,147,6345
3279,342,6339
71395,187,6281
713950,187,6281
31151,84,6269
53139,1662,6231
531390,1662,6231
4854,128,6230
48541,128,6230
485410,128,6230
31141,79,6215
49312,143,6190
493120,143,6190
3256,309,6159
812332,110,6155
3255,202,6134
54193,319,6121
541930,319,6121
7212,825,6065
72121,825,6065
339112,287,5952
52391,1643,5930
523910,1643,5930
71211,297,5927
712110,297,5927
325998,244,5895
51319,451,5888
54141,1545,5872
541410,1545,5872
334418,95,5872
3336,130,5856
33361,130,5856
311412,68,5852
513199,436,5836
813319,647,5817
71131,272,5807
711310,272,5807
31212,271,5795
312120,271,5795
52231,995,5777
522310,995,5777
54191,729,5756
541910,729,5756
621112,1163,5733
812113,1776,5708
335313,77,5704
321991,52,5703
456199,768,5688
524298,469,5677
624221,226,5671
32612,103,5669
336412,72,5648
236116,335,5624
32799,323,5602
3372,272,5594
33721,272,5594
4812,419,5572
48121,419,5572
54172,290,5565
541720,290,5565
42321,438,5474
423210,438,5474
31191,97,5469
238152,313,5459
33242,167,5458
332420,167,5458
44529,747,5453
23833,913,5444
925,314,5441
9251,314,5441
42443,213,5423
424430,213,5423
334511,86,5418
1119,2135,5409
32518,118,5403
325180,118,5403
3311,129,5384
33111,129,5384
331110,129,5384
3212,85,5383
32121,85,5383
334513,220,5377
45613,861,5365
456130,861,5365
33421,60,5343
334210,60,5343
8114,1397,5332
238392,362,5288
33391,194,5248
42471,289,5229
424710,289,5229
314,497,5218
332311,243,5214
541513,438,5200
449121,595,5198
42413,319,5175
424130,319,5175
3312,108,5175
33392,135,5167
32191,248,5152
212322,59,5149
812111,709,5108
5323,415,5106
53231,415,5106
532310,415,5106
42491,634,5089
424910,634,5089
3366,130,5065
33661,130,5065
51712,449,5055
517121,449,5055
44121,256,5045
441210,256,5045
238311,783,5031
524291,587,5026
42435,558,5020
424350,558,5020
42322,452,5016
423220,452,5016
332999,263,4996
238192,573,4989
51211,1242,4974
512110,1242,4974
221115,121,4876
42385,486,4876
423850,486,4876
332812,266,4867
42391,542,4863
423910,542,4863
42386,416,4858
423860,416,4858
33712,304,4855
456191,1035,4847
33636,40,4839
336360,40,4839
56299,582,4831
326122,79,4830
811114,822,4800
316,167,4763
8131,383,4746
81311,383,4746
813110,383,4746
4592,500,4724
45921,500,4724
459210,500,4724
71213,87,4690
712130,87,4690
51311,466,4687
513110,466,4687
33632,115,4681
336320,115,4681
51612,99,4644
516120,99,4644
33241,77,4641
332410,77,4641
315,353,4640
5178,230,4623
51781,230,4623
517810,230,4623
4889,217,4571
48899,217,4571
311919,66,4565
3335,277,4557
33351,277,4557
48849,256,4541
488490,256,4541
332911,161,4528
3321,114,4517
33211,114,4517
32192,184,4440
321920,184,4440
3111,203,4421
31111,203,4421
4852,95,4421
48521,95,4421
485210,95,4421
42333,348,4409
423330,348,4409
3272,132,4383
32721,132,4383
32512,149,4362
325120,149,4362
71111,166,4327
711110,166,4327
61143,1037,4325
611430,1037,4325
62421,295,4298
624210,295,4298
32615,72,4228
326150,72,4228
339113,248,4225
52399,535,4210
32551,129,4203
325510,129,4203
3211,128,4194
32111,128,4194
611512,201,4193
221114,132,4192
483,225,4189
42493,266,4173
424930,266,4173
7132,275,4124
334419,123,4123
238141,593,4122
31199,260,4120
71329,264,4068
713290,264,4068
3149,387,4059
212321,230,4048
336214,76,4043
3314,87,4041
42442,177,4025
424420,177,4025
111421,318,4020
541199,578,4012
562211,209,4005
71312,264,4003
713120,264,4003
42313,242,4000
423130,242,4000
481211,244,3993
332323,212,3990
32733,72,3973
4593,849,3923
45931,849,3923
459310,849,3923
54192,1164,3907
238321,1052,3864
42447,209,3837
424470,209,3837
33422,105,3788
334220,105,3788
3113,132,3788
32562,144,3786
325620,144,3786
561421,223,3777
42339,404,3757
423390,404,3757
31183,164,3755
311830,164,3755
611699,604,3755
33311,115,3739
4245,395,3731
561312,683,3724
4859,234,3720
48599,234,3720
92512,104,3719
925120,104,3719
3262,137,3699
336212,101,3697
339999,383,3687
336611,90,3686
11192,1404,3668
111920,1404,3668
3221,47,3637
31213,339,3627
312130,339,3627
51313,319,3616
513130,319,3616
52316,464,3610
523160,464,3610
812331,80,3609
51611,272,3598
516110,272,3598
7115,1379,3594
71151,1379,3594
711510,1379,3594
54182,848,3590
541820,848,3590
54143,1163,3551
541430,1163,3551
23813,600,3539
445298,437,3533
332912,63,3521
321113,96,3521
561431,537,3513
72233,1063,3491
722330,1063,3491
54136,344,3486
541360,344,3486
811122,603,3481
92812,47,3477
928120,47,3477
33272,124,3472
92219,128,3468
922190,128,3468
1123,217,3456
56192,559,3448
561920,559,3448
42362,351,3427
423620,351,3427
56174,423,3420
561740,423,3420
339115,39,3417
51312,437,3410
513120,437,3410
3315,96,3409
3313,64,3388
33131,64,3388
561439,455,3385
32222,50,3354
322220,50,3354
333111,105,3289
54132,500,3289
541320,500,3289
339991,94,3251
3112,86,3251
332813,154,3248
238331,645,3234
721214,224,3231
52221,47,3208
522210,47,3208
56141,384,3207
561410,384,3207
3152,264,3204
32213,29,3179
322130,29,3179
335312,85,3175
334510,180,3157
42495,238,3149
424950,238,3149
334412,51,3141
333998,176,3133
31142,128,3124
33599,150,3123
562991,383,3121
4572,343,3112
45721,343,3112
457210,343,3112
81393,421,3088
813930,421,3088
311119,148,3087
927,5,3063
9271,5,3063
92711,5,3063
927110,5,3063
92611,160,3060
926110,160,3060
813211,397,3033
45914,286,3023
459140,286,3023
42461,328,3019
424610,328,3019
31194,78,3014
532283,235,3000
51929,229,2987
519290,229,2987
312112,97,2985
333912,85,2981
44412,536,2978
444120,536,2978
541921,805,2958
81231,726,2957
812310,726,2957
21231,132,2954
112112,151,2952
23834,437,2931
54135,715,2922
541350,715,2922
42349,312,2921
423490,312,2921
42412,188,2914
424120,188,2914
533,353,2908
5331,353,2908
53311,353,2908
533110,353,2908
53119,747,2908
531190,747,2908
238151,399,2907
3271,94,2902
32614,55,2897
326140,55,2897
33142,24,2885
331420,24,2885
3379,100,2863
31499,304,2842
721211,601,2834
3326,94,2826
33261,94,2826
561613,66,2815
56191,186,2813
561910,186,2813
327332,35,2800
32412,113,2798
3253,141,2796
3162,55,2796
31621,55,2796
316210,55,2796
33121,65,2758
331210,65,2758
523999,337,2737
321911,101,2730
32229,50,2729
811198,513,2717
53132,895,2716
531320,895,2716
561611,417,2707
4853,312,2693
111422,59,2638
33151,51,2631
4832,83,2624
48321,83,2624
332811,56,2600
525,616,2593
813312,234,2593
488999,86,2583
333413,79,2554
441222,240,2552
33593,74,2541
3333,201,2537
33331,201,2537
333310,201,2537
42394,478,2537
423940,478,2537
33991,136,2514
339910,136,2514
336414,16,2509
332111,49,2498
238352,239,2476
483211,67,2476
48833,102,2472
488330,102,2472
331318,27,2467
3351,167,2465
33513,167,2465
334515,103,2457
33635,30,2456
336350,30,2456
334519,102,2449
335999,131,2445
56145,91,2424
561450,91,2424
311511,39,2420
33122,43,2416
31182,109,2409
33992,167,2401
339920,167,2401
327215,72,2398
238391,326,2390
32561,165,2372
314999,288,2369
33631,71,2329
336310,71,2329
115114,124,2315
562219,128,2314
621391,343,2309
327991,220,2307
337215,65,2287
311991,138,2285
333618,28,2279
333914,109,2267
71113,315,2262
711130,315,2262
238121,169,2256
326113,36,2251
71132,397,2249
711320,397,2249
31135,63,2241
33592,42,2235
44423,240,2226
444230,240,2226
333924,19,2220
81222,232,2218
812220,232,2218
45913,241,2216
459130,241,2216
321215,52,2215
238332,268,2210
33312,78,2207
333120,78,2207
81141,533,2204
62423,159,2202
624230,159,2202
488111,25,2180
238341,348,2171
313,137,2169
337212,140,2167
332722,53,2161
33429,63,2160
334290,63,2160
311352,47,2156
61142,300,2153
611420,300,2153
32616,41,2148
326160,41,2148
42374,131,2141
423740,131,2141
81149,608,2133
811490,608,2133
334118,77,2122
3322,84,2117
33221,84,2117
334516,68,2102
31121,50,2099
1152,487,2083
11521,487,2083
115210,487,2083
33637,19,2068
336370,19,2068
33243,57,2056
32613,45,2047
326130,45,2047
1111,605,2046
42494,133,2039
424940,133,2039
813311,196,1998
332216,67,1997
332618,69,1995
488991,131,1988
33791,41,1982
337910,41,1982
532112,72,1975
485991,121,1959
339116,285,1953
62141,286,1948
621410,286,1948
813219,208,1947
238131,428,1944
524128,95,1943
445132,287,1936
32552,73,1931
325520,73,1931
56292,226,1923
562920,226,1923
611511,231,1899
321918,121,1894
335931,47,1894
42392,181,1891
423920,181,1891
31525,180,1881
315250,180,1881
811412,448,1878
322291,15,1866
1129,492,1861
311999,122,1835
32731,39,1817
327310,39,1817
48831,41,1817
488310,41,1817
23817,276,1816
42452,143,1806
424520,143,1806
311514,15,1804
32629,78,1803
42431,254,1800
424310,254,1800
561622,334,1787
72119,220,1777
322219,23,1773
221113,8,1770
311941,23,1763
42314,119,1763
423140,119,1763
32712,50,1757
327120,50,1757
311821,83,1752
44523,130,1749
445230,130,1749
42346,128,1742
423460,128,1742
92511,210,1721
925110,210,1721
45993,268,1717
459930,268,1717
562998,199,1709
113,230,1708
238191,389,1703
332119,43,1685
3169,89,1653
31699,89,1653
316990,89,1653
31214,152,1643
312140,152,1643
324122,37,1643
311211,32,1635
521,19,1635
5211,19,1635
52111,19,1635
521110,19,1635
5259,523,1610
311421,92,1610
7114,342,1609
71141,342,1609
711410,342,1609
54186,130,1602
541860,130,1602
238132,172,1594
485999,113,1588
337127,42,1582
54185,169,1565
541850,169,1565
4831,142,1564
48311,142,1564
54187,191,1563
541870,191,1563
327993,35,1563
562119,148,1561
331221,27,1555
92112,102,1553
921120,102,1553
334417,32,1543
32531,102,1537
11232,88,1533
112320,88,1533
1133,194,1526
11331,194,1526
113310,194,1526
4869,76,1525
327999,58,1517
3117,47,1504
31171,47,1504
311710,47,1504
221121,83,1498
49313,99,1497
493130,99,1497
624229,117,1495
337121,69,1492
333611,52,1479
813212,165,1475
523991,198,1473
3365,43,1458
33651,43,1458
336510,43,1458
337122,144,1443
4855,94,1437
48551,94,1437
485510,94,1437
48532,215,1434
485320,215,1434
115111,182,1434
321999,139,1432
32419,52,1428
42446,160,1428
424460,160,1428
51314,153,1414
513140,153,1414
32622,30,1408
326220,30,1408
3133,76,1402
115112,253,1399
562112,99,1396
335314,72,1390
333517,94,1381
336612,40,1379
325991,45,1370
333613,32,1367
1112,169,1355
11121,169,1355
333922,60,1348
3159,74,1347
31599,74,1347
315990,74,1347
321219,13,1340
11141,60,1340
3274,34,1337
325193,19,1333
325612,77,1333
311111,55,1333
31521,84,1323
315210,84,1323
332721,71,1310
721199,123,1296
31192,129,1294
311920,129,1294
11199,581,1286
238291,266,1284
335132,72,1277
238171,233,1274
331511,13,1268
325212,24,1264
48531,97,1259
485310,97,1259
32532,39,1258
325320,39,1258
311942,55,1251
212312,46,1250
332919,41,1246
541713,231,1245
1113,181,1242
333995,36,1237
611692,214,1226
111998,561,1225
335921,21,1220
31491,83,1217
314910,83,1217
333511,56,1207
333131,44,1203
334514,21,1201
2121,34,1201
21211,34,1201
212114,26,1192
335311,39,1185
327331,37,1172
11231,47,1171
112310,47,1171
212311,56,1169
3141,110,1158
324121,76,1155
481212,82,1151
326191,34,1146
32711,44,1144
327110,44,1144
61163,140,1135
611630,140,1135
333242,34,1131
333992,53,1130
332431,14,1123
332994,86,1117
53221,166,1117
532210,166,1117
42451,148,1112
424510,148,1112
561491,93,1106
31134,61,1103
311340,61,1103
52413,43,1087
524130,43,1087
11299,262,1068
112990,262,1068
711212,35,1062
42492,131,1059
424920,131,1059
3325,44,1054
33251,44,1054
332510,44,1054
445291,138,1051
52599,257,1042
525990,257,1042
331513,28,1037
325414,57,1036
81394,238,1035
813940,238,1035
333241,53,1033
485111,10,1026
54134,282,1026
541340,282,1026
333514,59,1024
335929,21,1015
111219,148,1002
324191,36,1000
561492,244,995
311422,14,989
115115,162,983
5251,93,982
31412,86,980
314120,86,980
326299,43,975
54184,192,971
541840,192,971
339114,66,957
322212,25,952
11133,157,950
541922,359,948
485113,79,947
56152,145,945
561520,145,945
611513,88,942
449122,197,939
333923,36,938
335139,63,937
5122,345,936
332439,43,932
31152,48,929
311520,48,929
45832,61,926
458320,61,926
325611,78,922
551111,100,914
53242,89,910
532420,89,910
311911,31,903
33591,74,897
335910,74,897
325411,81,893
5174,59,883
51741,59,883
517410,59,883
71112,47,883
711120,47,883
33792,59,881
337920,59,881
445292,172,868
322299,35,862
331222,16,861
3352,46,857
54149,268,847
541490,268,847
483111,64,843
812191,243,839
326121,24,839
327212,28,838
334512,45,834
332613,25,831
32742,23,830
327420,23,830
326291,35,828
212323,27,825
311613,26,821
48691,55,821
486910,55,821
325314,57,817
327211,17,815
481112,55,814
42459,104,812
424590,104,812
81142,193,805
811420,193,805
48839,84,803
488390,84,803
32513,24,797
325130,24,797
31193,28,796
311930,28,796
32223,31,794
322230,31,794
561591,44,794
221111,93,793
3343,59,788
33431,59,788
334310,59,788
52511,59,788
525110,59,788
333993,54,780
33152,45,777
487,125,775
31332,14,774
313320,14,774
11115,201,770
111150,201,770
33994,40,763
339940,40,763
238342,89,760
32791,19,736
327910,19,736
114,258,734
3132,53,732
111419,47,730
333612,18,729
711219,206,725
54142,212,721
541420,212,721
45992,223,709
459920,223,709
48699,21,704
486990,21,704
61141,54,687
611410,54,687
311813,19,686
1122,22,683
11221,22,683
112210,22,683
3369,64,678
33699,64,678
335991,19,678
326112,30,676
32592,8,672
325920,8,672
321114,32,672
333996,25,671
42411,92,666
424110,92,666
333921,20,660
312113,56,658
311824,26,657
21239,47,656
212390,47,656
335932,27,646
532284,200,645
337214,34,637
92613,33,634
926130,33,634
31331,62,627
313310,62,627
33141,16,625
331410,16,625
111335,73,624
42434,84,617
424340,84,617
321992,52,616
33521,24,615
335210,24,615
42341,77,612
423410,77,612
111411,13,610
1142,164,597
11421,164,597
114210,164,597
42444,48,582
424440,48,582
11234,60,575
112340,60,575
92111,52,572
921110,52,572
311225,12,566
11119,165,561
323117,34,549
11292,168,542
112920,168,542
238172,43,542
221118,51,541
333994,24,536
51219,213,532
33149,47,530
333519,17,527
321912,26,527
311423,22,525
334416,30,525
3346,107,520
33461,107,520
334610,107,520
42352,50,509
423520,50,509
32741,11,507
327410,11,507
337211,33,503
331315,14,501
325311,33,500
7213,78,500
72131,78,500
721310,78,500
212319,26,497
332913,25,494
33993,52,489
339930,52,489
32621,29,488
721191,97,481
314994,16,473
336999,27,464
483113,49,460
71212,24,459
712120,24,459
115113,102,453
1125,70,451
11251,70,451
333112,10,450
325413,28,446
115116,107,445
31131,8,442
311314,8,442
4872,70,438
48721,70,438
487210,70,438
111199,121,432
11194,142,428
111940,142,428
324199,16,428
325194,13,427
481219,93,427
333515,51,417
33612,13,413
336120,13,413
32312,57,413
323120,57,413
311224,18,411
532282,39,408
512191,180,404
33633,14,401
336330,14,401
44525,69,399
445250,69,399
51224,140,399
512240,140,399
54183,78,399
541830,78,399
11116,91,393
111160,91,393
532411,68,387
32591,31,374
325910,31,374
333414,30,370
311411,11,363
31321,24,357
313210,24,357
52591,80,354
525910,80,354
111211,21,353
337126,49,337
327213,15,332
331512,10,326
331524,16,325
811411,85,325
326211,16,321
331314,11,317
71119,37,317
711190,37,317
5232,43,315
52321,43,315
523210,43,315
3161,23,313
31611,23,313
316110,23,313
331491,29,303
1153,67,295
11531,67,295
115310,67,295
11114,127,293
111140,127,293
4871,37,292
48711,37,292
487110,37,292
31323,15,289
313230,15,289
11132,21,284
111320,21,284
334112,11,280
331523,18,261
335131,32,251
32522,20,245
325220,20,245
213115,29,244
51229,48,244
512290,48,244
332992,18,243
33522,22,242
335220,22,242
331492,18,227
339992,38,220
532281,53,215
52592,186,214
525920,186,214
327992,10,214
22133,9,205
221330,9,205
72112,12,204
721120,12,204
334517,16,200
51212,47,194
512120,47,194
483112,12,194
112511,26,193
331529,11,190
81143,63,190
811430,63,190
31411,24,178
314110,24,178
333991,8,174
325992,14,171
2122,18,169
213113,21,169
51225,91,169
512250,91,169
326212,13,167
333243,15,162
332114,13,162
81292,30,157
112519,23,153
1131,26,153
11311,26,153
113110,26,153
1124,58,148
483212,16,148
111332,40,142
1141,94,137
11411,94,137
111191,44,128
512199,33,127
51223,66,122
512230,66,122
111339,20,122
21229,6,122
212290,6,122
339994,11,121
812921,22,121
332215,17,119
114112,67,119
325613,10,117
3122,34,115
31223,34,115
312230,34,115
11239,18,114
112390,18,114
52512,21,114
525120,21,114
112512,21,104
331313,12,102
512132,12,101
3151,15,88
31512,15,88
315120,15,88
332117,4,87
311351,16,85
332112,5,84
11241,29,83
112410,29,83
221117,11,80
52519,13,80
525190,13,80
562213,4,74
482,12,71
4821,12,71
48211,12,71
483114,17,66
33634,11,65
336340,11,65
11242,29,64
112420,29,64
11233,4,62
112330,4,62
111992,20,60
339995,6,56
71321,11,56
713210,11,56
513191,15,52
71393,148,47
713930,148,47
4879,18,44
48799,18,44
487990,18,44
339993,7,38
212313,4,37
213114,12,35
3131,8,35
31311,8,35
313110,8,35
812922,8,35
111333,7,32
21222,9,31
212220,9,31
1132,10,29
11321,10,29
113210,10,29
11193,8,27
111930,8,27
11111,14,19
111110,14,19
21221,3,16
212210,3,16
111334,9,15
221116,6,10
11131,3,8
111310,3,8
212115,8,8
114119,2,0
114111,25,0
11291,60,0
112910,60,0
11293,2,0
112930,2,0
111331,5,0
111336,3,0
11112,5,0
111120,5,0
11113,2,0
111130,2,0
31123,2,0
311230,2,0
311212,17,0
311213,1,0
31122,34,0
311221,4,0
31322,13,0
313220,13,0
311512,6,0
311513,24,0
31324,1,0
313240,1,0
321211,15,0
321212,5,0
32211,4,0
322110,4,0
32212,14,0
322120,14,0
325315,7,0
325312,5,0
336415,1,0
336419,7,0
336991,34,0
336992,3,0
336213,2,0
336211,58,0
332993,12,0
332991,10,0
92115,2,0
921150,2,0
71392,1,0
713920,1,0
485119,3,0
485112,2,0
482111,10,0
482112,2,0
